tempo,v_in,v_out_1,v_out_0.1,v_out_0.01
0.0,1.0,0.0,0.0,0.0
0.01,1.0,0.00995017810930795,0.09516256786567276,0.632120543627901
0.02,1.0,0.019801323182094866,0.18126923730154665,0.8646647365005865
0.03,1.0,0.02955445313725777,0.2591817868618435,0.9502129537230483
0.04,1.0,0.03921054681113326,0.32967994337255246,0.981684362315236
0.05,1.0,0.048770560560927274,0.39346932937056,0.9932620525658431
0.06,1.0,0.05823545077181068,0.45118835274892144,0.9975212498937578
0.07,1.0,0.06760616415832821,0.5034146846312781,0.9990881208299714
0.08,1.0,0.07688363782815553,0.5506710217838702,0.9996645388766688
0.09,1.0,0.08606879953832304,0.5934303050042771,0.9998765895337075
0.1,1.0,0.0951625678559652,0.6321205463723139,0.9999545989046688
0.11,1.0,0.10416585257273145,0.6671289180737089,0.9999832980827507
0.12,1.0,0.11307955178947271,0.6988057992001583,0.9999938561635698
0.13,1.0,0.1219045578087348,0.7274682178625638,0.9999977414141525
0.14,1.0,0.13064175357076602,0.7534030484399044,0.9999991701438515
0.15,1.0,0.13929201270311592,0.7768698528566926,0.9999996928717461
0.16,1.0,0.1478562004185602,0.7981034951822091,0.9999998869729526
0.17,1.0,0.15633517291985533,0.8173164899794003,0.9999999598124775
0.18,1.0,0.16472977835118321,0.8347011282590301,0.9999999849450522
0.19,1.0,0.1730408560697619,0.850431399908456,0.9999999941461686
0.2,1.0,0.18126923730010397,0.8646647374887924,0.9999999977914512
0.21,1.0,0.1894157458622539,0.8775435918637787,0.999999999422507
0.22,1.0,0.1974811964391934,0.8891968626217418,1.0000000006134526
0.23,1.0,0.20546639535548938,0.8997411779388721,1.0000000009391137
0.24,1.0,0.2133721407620175,0.9092820674541452,1.0000000007557148
0.25,1.0,0.22119922273433676,0.9179150222910273,1.0000000008256225
0.26,1.0,0.2289484233710638,0.9257264422343322,1.0000000006623921
0.27,1.0,0.2366205168922475,0.9327945068416267,1.0000000004239833
0.28,1.0,0.24421626988705342,0.9391899569471834,1.000000000307457
0.29,1.0,0.25173644251994004,0.9449767997284182,1.0000000001909304
0.3,1.0,0.25918178695540656,0.9502129540813331,1.0000000001151625
0.31,1.0,0.2665530478062472,0.9549508142450287,1.0000000001113898
0.32,1.0,0.27385096245387885,0.9592378039509608,1.000000000107617
0.33,1.0,0.2810762611572379,0.9631168373009877,1.0000000001038443
0.34,1.0,0.2882296671616783,0.9666267307778247,1.0000000001000715
0.35000000000000003,1.0,0.2953118968078689,0.9698026183524144,1.0000000000962987
0.36,1.0,0.3023236595539022,0.9726762792842518,1.000000000092526
0.37,1.0,0.30926565543176765,0.9752764750319495,1.0000000000887532
0.38,1.0,0.3161385777159093,0.9776292284071632,1.0000000000849805
0.39,1.0,0.32294311359194816,0.9797580893498075,1.0000000000812077
0.4,1.0,0.32967994335353573,0.9816843624493328,1.000000000077435
0.41000000000000003,1.0,0.3363497404682819,0.9834273256868148,1.0000000000736622
0.42,1.0,0.3429531716436824,0.9850044235877767,1.0000000000698894
0.43,1.0,0.3494908969678137,0.9864314410396332,1.0000000000661167
0.44,1.0,0.35596357050574895,0.9877226597930652,1.0000000000623437
0.45,1.0,0.3623718396162331,0.9888910033881299,1.000000000058571
0.46,1.0,0.3687163451721342,0.9899481643080211,1.0000000000547982
0.47000000000000003,1.0,0.3749977217237134,0.9909047227159258,1.0000000000510254
0.48,1.0,0.38121659757310855,0.9917702524353608,1.0000000000472526
0.49,1.0,0.38737359484881806,0.9925534164646241,1.0000000000434799
0.5,1.0,0.3934693293746327,0.9932620526152289,1.0000000000397071
0.51,1.0,0.39950441030776357,0.9939032528798921,1.0000000000359344
0.52,1.0,0.4054794411232273,0.9944834345995962,1.0000000000321616
0.53,1.0,0.41139501933821915,0.9950084052211906,1.0000000000283888
0.54,1.0,0.41725173654139286,0.9954834183506397,1.000000000024616
0.55,1.0,0.42305017845742887,0.9959132282767098,1.0000000000208433
0.56,1.0,0.4287909250116013,0.9963021372653428,1.0000000000170706
0.5700000000000001,1.0,0.43447455025729853,0.9966540359487347,1.0000000000132978
0.58,1.0,0.4401016224211506,0.996972447141142,1.000000000009525
0.59,1.0,0.44567270421243,0.9972605573004827,1.0000000000057523
0.6,1.0,0.4511883527572624,0.9975212499135083,1.0000000000037146
0.61,1.0,0.45664911965878463,0.9977571347071947,1.0000000000035925
0.62,1.0,0.46205555105816104,0.9979705715723097,1.0000000000034703
0.63,1.0,0.4674081876920391,0.9981636977589122,1.0000000000033482
0.64,1.0,0.4727075647297861,0.9983384449818212,1.000000000003226
0.65,1.0,0.4779542120136853,0.9984965631256335,1.000000000003104
0.66,1.0,0.48314865421597725,0.9986396341280943,1.0000000000029818
0.67,1.0,0.4882914108047992,0.9987690906856406,1.0000000000028595
0.68,1.0,0.49338299610136505,0.9988862279684303,1.0000000000027374
0.6900000000000001,1.0,0.4984239193371443,0.9989922173267183,1.0000000000026152
0.7000000000000001,1.0,0.5034146846345217,0.9990881208377554,1.0000000000024931
0.71,1.0,0.508355791066423,0.9991748975150664,1.000000000002371
0.72,1.0,0.513247732583989,0.9992534164788838,1.0000000000022489
0.73,1.0,0.5180909984019966,0.999324463538417,1.0000000000021267
0.74,1.0,0.5228860728779554,0.9993887492920396,1.0000000000020046
0.75,1.0,0.527633435567659,0.9994469177974251,1.0000000000018825
0.76,1.0,0.5323335612801701,0.9994995505212466,1.0000000000017601
0.77,1.0,0.5369869200101599,0.9995471745982202,1.000000000001638
0.78,1.0,0.5415939766758211,0.9995902667146613,1.000000000001516
0.79,1.0,0.5461551919085219,0.9996292579391766,1.0000000000013938
0.8,1.0,0.5506710218168169,0.9996645388798563,1.0000000000012716
0.81,1.0,0.5551419179935566,0.9996964622853703,1.0000000000011495
0.8200000000000001,1.0,0.5595683275647775,0.999725347728895,1.0000000000010274
0.8300000000000001,1.0,0.5639506932379392,0.9997514844377496,1.0000000000009053
0.84,1.0,0.5682894533495063,0.9997751339644475,1.0000000000007832
0.85,1.0,0.5725850419118761,0.9997965334160862,1.0000000000006608
0.86,1.0,0.576837888659652,0.9998158962598873,1.0000000000005387
0.87,1.0,0.5810484190952632,0.9998334156905704,1.0000000000004166
0.88,1.0,0.5852170545339294,0.9998492674992258,1.0000000000002944
0.89,1.0,0.5893442121479713,0.9998636108763359,1.0000000000001723
0.9,1.0,0.5934303050088259,0.9998765895312997,1.0000000000000782
0.91,1.0,0.5974757417123896,0.9998883325936937,1.0000000000000382
0.92,1.0,0.6014809262870278,0.9998989585590542,1.0000000000000162
0.93,1.0,0.6054462584124671,0.9999085740937175,1.0000000000000118
0.9400000000000001,1.0,0.6093721336569599,0.9999172742452648,1.000000000000007
0.9500000000000001,1.0,0.6132589450611415,0.9999251466018864,1.000000000000004
0.96,1.0,0.6171070817603025,0.9999322700531079,1.0000000000000029
0.97,1.0,0.6209169296410538,0.9999387151748605,1.0000000000000016
0.98,1.0,0.624688869301932,0.9999445470549024,1.0000000000000007
0.99,1.0,0.6284232774133612,0.9999498243201534,1.0000000000000004
1.0,-1.0,0.6321205076051035,0.9999545236351173,0.9999999821474459
1.01,-1.0,0.6158806850638766,0.8096336840482876,-0.26424113301825725
1.02,-1.0,0.5998024035893701,0.6374242774947027,-0.729329433656879
1.03,-1.0,0.5838841037017788,0.48160276148506287,-0.9004258577107284
1.04,-1.0,0.5681241935460145,0.34060962177658327,-0.9633687154896248
1.05,-1.0,0.5525210970891938,0.2130337532178821,-0.986524101975565
1.06,-1.0,0.5370732534749899,0.09759834166578082,-0.9950424935974689
1.07,-1.0,0.5217791176493773,-0.006851967418059823,-0.9981762356012863
1.08,-1.0,0.5066371602361788,-0.10136249402848241,-0.9993290760620533
1.09,-1.0,0.49164586720292475,-0.18687916197313606,-0.999753181819201
1.1,-1.0,0.4768037396977567,-0.2642578402566078,-0.9999091983924466
1.11,-1.0,0.46210929388633043,-0.33427296442698456,-0.999966594747533
1.12,-1.0,0.4475610607887198,-0.3976252682277885,-0.9999877114866741
1.1300000000000001,-1.0,0.43315758611631955,-0.454948803575326,-0.9999954791397694
1.1400000000000001,-1.0,0.4188974298968262,-0.5068172877705733,-0.9999983388390746
1.1500000000000001,-1.0,0.40477916562398514,-0.5537498314259754,-0.9999993875896653
1.16,-1.0,0.3908013814487591,-0.5962161521578492,-0.999999772591614
1.17,-1.0,0.37696267954844276,-0.6346412685629941,-0.999999918059505
1.18,-1.0,0.3632616758703768,-0.6694097521745391,-0.9999999705735153
1.19,-1.0,0.3496969999620747,-0.7008695759387431,-0.999999988552524
1.2,-1.0,0.33626729480135165,-0.7293356010524957,-0.9999999956327777
1.21,-1.0,0.3229712166264528,-0.7550927259582592,-0.9999999983456493
1.22,-1.0,0.30980743476618156,-0.7783987366578202,-0.999999999541477
1.23,-1.0,0.2967746329764648,-0.799486888554841,-1.0000000005070089
1.24,-1.0,0.28387150950255835,-0.8185682354593572,-1.0000000008771945
1.25,-1.0,0.27109677410725164,-0.8358337436174758,-1.0000000006520344
1.26,-1.0,0.25844914939040764,-0.8514562257635528,-1.00000000068247
1.27,-1.0,0.24592737066574877,-0.865592031918362,-1.0000000006488394
1.28,-1.0,0.23353018582588914,-0.8783826410813266,-1.00000000046879
1.29,-1.0,0.22125635520736725,-0.889956062858097,-1.0000000002830813
1.3,-1.0,0.20910465148370977,-0.9004281271058502,-1.0000000002100613
1.31,-1.0,0.1970738595510969,-0.9099036438665048,-1.000000000137041
1.32,-1.0,0.1851627763181953,-0.9184774459044122,-1.000000000072762
1.33,-1.0,0.17337021060668426,-0.9262353421158351,-1.000000000070665
1.34,-1.0,0.16169498301814006,-0.9332549771694731,-1.000000000068568
1.35,-1.0,0.15013592579987195,-0.9396066055293851,-1.0000000000664713
1.36,-1.0,0.13869188271075783,-0.9453537961209159,-1.0000000000643743
1.37,-1.0,0.127361709238697,-0.9505540685538201,-1.0000000000622773
1.3800000000000001,-1.0,0.11614427299251188,-0.9552594707142891,-1.0000000000601805
1.3900000000000001,-1.0,0.1050384522633189,-0.9595170942591541,-1.0000000000580835
1.4000000000000001,-1.0,0.09404313643812065,-0.963369551984969,-1.0000000000559868
1.41,-1.0,0.08315722591502815,-0.9668553993597467,-1.0000000000538898
1.42,-1.0,0.07237963198183846,-0.9700095249390532,-1.0000000000517928
1.43,-1.0,0.061709276694614734,-0.9728634953643465,-1.000000000049696
1.44,-1.0,0.05114509292255833,-0.9754458751926637,-1.000000000047599
1.45,-1.0,0.040686024646271364,-0.9777825087972096,-1.000000000045502
1.46,-1.0,0.030331026000151314,-0.9798967825138741,-1.0000000000434053
1.47,-1.0,0.02007906145804894,-0.9818098561692644,-1.0000000000413083
1.48,-1.0,0.00992910575900562,-0.983540877150947,-1.0000000000392113
1.49,-1.0,-0.0001198562063361927,-0.9851071695073221,-1.0000000000371145
1.5,-1.0,-0.010068829509322336,-0.9865244096827487,-1.0000000000350175
1.51,-1.0,-0.01991880917616355,-0.9878067814363631,-1.0000000000329206
1.52,-1.0,-0.029670779821555804,-0.98896711953058,-1.0000000000308238
1.53,-1.0,-0.03932571658090764,-0.99001703669679,-1.0000000000287268
1.54,-1.0,-0.04888458497167028,-0.9909670412401076,-1.0000000000266298
1.55,-1.0,-0.05834834094023912,-0.9918266408179762,-1.000000000024533
1.56,-1.0,-0.06771793096789047,-0.9926044387228377,-1.000000000022436
1.57,-1.0,-0.07699429217671831,-0.9933082192870729,-1.0000000000203393
1.58,-1.0,-0.08617835223498772,-0.9939450260898647,-1.0000000000182423
1.59,-1.0,-0.09527102951037619,-0.9945212322564295,-1.0000000000161453
1.6,-1.0,-0.10427323294918218,-0.9950426059755905,-1.0000000000140485
1.61,-1.0,-0.1131858628142605,-0.9955143645062389,-1.0000000000119516
1.62,-1.0,-0.12200981043208145,-0.995941229503414,-1.0000000000098546
1.6300000000000001,-1.0,-0.1307459582955938,-0.9963274736806281,-1.0000000000077578
1.6400000000000001,-1.0,-0.13939518016605687,-0.9966769612968284,-1.0000000000056608
1.6500000000000001,-1.0,-0.1479583411050927,-0.9969931907977868,-1.0000000000035638
1.6600000000000001,-1.0,-0.15643629694514155,-0.9972793269678377,-1.0000000000020788
1.67,-1.0,-0.16482989532269024,-0.9975382334120675,-1.0000000000020186
1.68,-1.0,-0.17313997560629088,-0.9977725020148922,-1.0000000000019584
1.69,-1.0,-0.18136736884431615,-0.9979844764803136,-1.0000000000018983
1.7,-1.0,-0.18951289785273062,-0.9981762793880307,-1.000000000001838
1.71,-1.0,-0.19757737730150415,-0.9983498293147648,-1.0000000000017777
1.72,-1.0,-0.20556161379966933,-0.998506864097525,-1.0000000000017175
1.73,-1.0,-0.21346640597902206,-0.9986489548408143,-1.0000000000016573
1.74,-1.0,-0.2212925445764655,-0.9987775244546122,-1.0000000000015972
1.75,-1.0,-0.2290408125149978,-0.9988938591374934,-1.000000000001537
1.76,-1.0,-0.23671198471978838,-0.9989991223016114,-1.0000000000014766
1.77,-1.0,-0.24430682788248936,-0.9990943687127103,-1.0000000000014164
1.78,-1.0,-0.25182610150665996,-0.9991805508116187,-1.0000000000013562
1.79,-1.0,-0.2592705575396353,-0.9992585318091433,-1.000000000001296
1.8,-1.0,-0.2666409404126053,-0.9993290920714076,-1.000000000001236
1.81,-1.0,-0.2739379871052934,-0.9993929373724,-1.0000000000011755
1.82,-1.0,-0.28116242720894546,-0.9994507073320549,-1.0000000000011153
1.83,-1.0,-0.2883149829876292,-0.9995029794217448,-1.0000000000010552
1.84,-1.0,-0.2953963694378444,-0.9995502771991017,-1.000000000000995
1.85,-1.0,-0.30240729434644353,-0.9995930740547732,-1.0000000000009348
1.86,-1.0,-0.3093484583556275,-0.9996317981323095,-1.0000000000008744
1.87,-1.0,-0.31622055616070976,-0.9996668373461027,-1.0000000000008142
1.8800000000000001,-1.0,-0.32302427560977437,-0.999698542014736,-1.000000000000754
1.8900000000000001,-1.0,-0.32976029709285315,-0.9997272295529757,-1.000000000000694
1.9000000000000001,-1.0,-0.3364292942170817,-0.9997531871758941,-1.0000000000006337
1.9100000000000001,-1.0,-0.3430319338702989,-0.9997766746780447,-1.0000000000005733
1.92,-1.0,-0.3495688762836196,-0.9997979275164709,-1.0000000000005131
1.93,-1.0,-0.3560407750929797,-0.9998171576715315,-1.000000000000453
1.94,-1.0,-0.36244827739965274,-0.999834557051954,-1.0000000000003928
1.95,-1.0,-0.36879202382974,-0.9998503002389842,-1.0000000000003324
1.96,-1.0,-0.3750726485926328,-0.9998645453544784,-1.0000000000002722
1.97,-1.0,-0.38129077956904034,-0.999877435070257,-1.000000000000212
1.98,-1.0,-0.38744703871453545,-0.9998890976640363,-1.0000000000001519
1.99,-1.0,-0.39354204208163984,-0.9998996508525705,-1.0000000000000917
2.0,1.0,-0.3995763606292007,-0.9999091846010297,-1.0000000000000602
2.0100000000000002,1.0,-0.3856503431601045,-0.8095926629343855,-1.00000000000006
2.02,1.0,-0.37186289188006844,-0.6373871530710828,-1.0000000000000597
2.0300000000000002,1.0,-0.3582126280051855,-0.48156917104310365,-1.0000000000000595
2.04,1.0,-0.3446981864758268,-0.3405792187613605,-1.0000000000000593
2.05,1.0,-0.33131821587766397,-0.2130062317701626,-1.0000000000000593
2.06,1.0,-0.31807137827644605,-0.09757342550376907,-1.000000000000059
2.07,1.0,-0.30495634897394897,0.006874497198966961,-1.0000000000000588
2.08,1.0,-0.29197181643518944,0.10138288558684651,-1.0000000000000586
2.09,1.0,-0.2791164821464219,0.18689761160085344,-1.0000000000000584
2.1,1.0,-0.26638906050734984,0.26427453621426655,-1.0000000000000584
2.11,1.0,-0.25378827884660426,0.33428806861973964,-1.0000000000000582
2.12,1.0,-0.24131287707281132,0.39763893343138,-1.000000000000058
2.13,1.0,-0.22896160760118928,0.45496116718766816,-1.0000000000000577
2.14,1.0,-0.21673323529608698,0.5068284694995848,-1.0000000000000575
2.15,1.0,-0.2046265373408563,0.5537599455027832,-1.0000000000000575
2.16,1.0,-0.1926403030470506,0.5962253012039269,-1.0000000000000573
2.17,1.0,-0.18077333376129287,0.6346495438661752,-1.000000000000057
2.18,1.0,-0.16902444279677714,0.6694172364678128,-1.0000000000000568
2.19,1.0,-0.15739245526126122,0.7008763449463722,-1.0000000000000566
2.2,1.0,-0.1458762079330738,0.7293417221227071,-1.0000000000000566
2.21,1.0,-0.13447454916654522,0.7550982613038728,-1.0000000000000564
2.22,1.0,-0.12318633880865712,0.7784037417947017,-1.0000000000000562
2.23,1.0,-0.11201044802871478,0.799491412495195,-1.000000000000056
2.24,1.0,-0.1009457592106506,0.8185723268436429,-1.0000000000000557
2.25,1.0,-0.08999116598488954,0.8358374510908744,-1.0000000000000557
2.2600000000000002,1.0,-0.07914557299448775,0.8514595828517239,-1.0000000000000555
2.27,1.0,-0.06840789569036325,0.8655950715472692,-1.0000000000000553
2.2800000000000002,1.0,-0.05777706029393784,0.878385391067522,-1.000000000000055
2.29,1.0,-0.047252003684101054,0.8899585506740953,-1.000000000000055
2.3000000000000003,1.0,-0.03683167328548575,0.900430378391554,-1.0000000000000548
2.31,1.0,-0.026515026958069853,0.9099056804266726,-1.0000000000000546
2.32,1.0,-0.016301032888090292,0.9184792878069431,-1.0000000000000544
2.33,1.0,-0.00618866948028033,0.9262370085420824,-1.0000000000000542
2.34,1.0,0.0038230747481286242,0.9332564827503133,-1.0000000000000542
2.35,1.0,0.01373520083945802,0.9396079679918832,-1.000000000000054
2.36,1.0,0.023548699753458885,0.9453550287625122,-1.0000000000000537
2.37,1.0,0.03326455286753524,0.9505551853592445,-1.0000000000000535
2.38,1.0,0.042883731783774484,0.9552604804608137,-1.0000000000000533
2.39,1.0,0.05240719842100156,0.9595180085311328,-1.0000000000000533
2.4,1.0,0.06183590510516318,0.9633703784051475,-1.000000000000053
2.41,1.0,0.07117079465805555,0.9668561478609438,-1.0000000000000528
2.42,1.0,0.08041280048438236,0.9700102019576996,-1.0000000000000526
2.43,1.0,0.08956284665715618,0.9728641085153886,-1.0000000000000524
2.44,1.0,0.09862184800143016,0.9754464292677866,-1.0000000000000524
2.45,1.0,0.10759071058132545,0.9777830104363361,-1.0000000000000522
2.46,1.0,0.1164703316532524,0.9798972361470046,-1.000000000000052
2.47,1.0,0.12526159919881064,0.9818102670859524,-1.0000000000000517
2.48,1.0,0.13396539234964466,0.983541248673493,-1.0000000000000515
2.49,1.0,0.14258258147137298,0.98510750590665,-1.0000000000000515
2.5,1.0,0.15111402824595607,0.9865247137321946,-1.0000000000000513
2.5100000000000002,1.0,0.15956058575277215,0.987807056781032,-1.000000000000051
2.52,1.0,0.1679230985483892,0.9889673685496014,-1.0000000000000508
2.5300000000000002,1.0,0.17620240274504456,0.9900172622359826,-1.0000000000000506
2.54,1.0,0.1843993260878208,0.9909672450938419,-1.0000000000000506
2.5500000000000003,1.0,0.19251468835775842,0.9918268253629308,-1.0000000000000504
2.56,1.0,0.20054930145100952,0.9926046056044776,-1.0000000000000502
2.57,1.0,0.2085039688444585,0.993308370437053,-1.00000000000005
2.58,1.0,0.2163794860147079,0.9939451630576138,-1.0000000000000497
2.59,1.0,0.22417664051906264,0.9945213569644098,-1.0000000000000497
2.6,1.0,0.23189621207290273,0.9950427186505846,-1.0000000000000495
2.61,1.0,0.23953897262609192,0.9955144663447741,-1.0000000000000493
2.62,1.0,0.24710568643843267,0.9959413212309405,-1.000000000000049
2.63,1.0,0.25459711015415687,0.9963275555814352,-1.0000000000000488
2.64,1.0,0.2620139928754627,0.996677034792186,-1.0000000000000488
2.65,1.0,0.26935707631337313,0.9969932565829009,-1.0000000000000486
2.66,1.0,0.2766270948909181,0.9972793853912929,-1.0000000000000484
2.67,1.0,0.2838247756223179,0.9975382858628339,-1.0000000000000482
2.68,1.0,0.2909508382825411,0.9977725490172566,-1.000000000000048
2.69,1.0,0.2980059954802712,0.9979845191713119,-1.000000000000048
2.7,1.0,0.3049909527278979,0.9981763180221903,-1.0000000000000477
2.71,1.0,0.31190640851063917,0.9983498653871192,-1.0000000000000475
2.72,1.0,0.31875305435480233,0.9985068968183494,-1.0000000000000473
2.73,1.0,0.3255315748951762,0.9986489847927533,-1.000000000000047
2.74,1.0,0.3322426479415628,0.9987775513299236,-1.000000000000047
2.75,1.0,0.3388869446102526,0.9988938826334907,-1.0000000000000469
2.7600000000000002,1.0,0.34546512944617125,0.9989991440612853,-1.0000000000000466
2.77,1.0,0.35197786028051775,0.9990943880787646,-1.0000000000000464
2.7800000000000002,1.0,0.35842578839277917,0.9991805686629153,-1.0000000000000462
2.79,1.0,0.364809558579134,0.9992585480916862,-1.0000000000000462
2.8000000000000003,1.0,0.3711298092159652,0.9993291064908997,-1.000000000000046
2.81,1.0,0.3773871723225969,0.9993929506406307,-1.0000000000000457
2.82,1.0,0.3835822736232622,0.9994507189615569,-1.0000000000000455
2.83,1.0,0.3897157326082971,0.9995029900996517,-1.0000000000000453
2.84,1.0,0.3957881625945614,0.9995502869582978,-1.0000000000000453
2.85,1.0,0.40180017082696357,0.9995930828117263,-1.000000000000045
2.86,1.0,0.4077523585977788,0.9996318062592804,-1.0000000000000449
2.87,1.0,0.4136453211393257,0.9996668445073923,-1.0000000000000446
2.88,1.0,0.41947964775421476,0.9996985484929363,-1.0000000000000444
2.89,1.0,0.42525592187862843,0.9997272354389594,-1.0000000000000444
2.9,1.0,0.43097472113974267,0.9997531927269707,-1.0000000000000442
2.91,1.0,0.4366366174124507,0.9997766802486516,-1.000000000000044
2.92,1.0,0.44224217687538026,0.9997979321221697,-1.0000000000000437
2.93,1.0,0.4477919600662133,0.9998171609147048,-1.0000000000000435
2.94,1.0,0.4532865219362989,0.9998345594677766,-1.0000000000000435
2.95,1.0,0.45872641191767144,0.9998503027050285,-1.0000000000000433
2.96,1.0,0.46411217403131494,0.9998645475609539,-1.000000000000043
2.97,1.0,0.46944434690638437,0.9998774365113988,-1.0000000000000429
2.98,1.0,0.47472346384927194,0.9998890999906251,-1.0000000000000426
2.99,1.0,0.4799500527079605,0.999899653489119,-1.0000000000000426
3.0,-1.0,0.4851245943767469,0.9999092013346762,-1.0000000000000424
3.0100000000000002,-1.0,0.4703473846918796,0.8095927410973452,-1.0000000000000422
3.02,-1.0,0.4557171837723418,0.6373872088602381,-1.000000000000042
3.0300000000000002,-1.0,0.441232555740371,0.48156925518813437,-1.0000000000000417
3.04,-1.0,0.42689205219871806,0.34057930228733857,-1.0000000000000417
3.0500000000000003,-1.0,0.41269423905271435,0.2130063172478228,-1.0000000000000415
3.06,-1.0,0.39863769650475916,0.09757350859834707,-1.0000000000000413
3.0700000000000003,-1.0,0.38472101841798706,-0.006874416792772592,-1.000000000000041
3.08,-1.0,0.37094281243214533,-0.10138277731984377,-1.0000000000000409
3.09,-1.0,0.3573017007041043,-0.18689754150012727,-1.0000000000000409
3.1,-1.0,0.3437963192511272,-0.2642744562781885,-1.0000000000000406
3.11,-1.0,0.33042531780144085,-0.3342880067267155,-1.0000000000000404
3.12,-1.0,0.31718735964639544,-0.3976388771371718,-1.0000000000000402
3.13,-1.0,0.30408112149263333,-0.4549611174692866,-1.00000000000004
3.14,-1.0,0.291105293314249,-0.5068284248390038,-1.00000000000004
3.15,-1.0,0.27825857820495764,-0.5537599058184708,-1.0000000000000397
3.16,-1.0,0.2655396921834717,-0.5962252740474769,-1.0000000000000395
3.17,-1.0,0.2529473628808613,-0.6346495248109807,-1.0000000000000393
3.18,-1.0,0.24048033079020503,-0.669417228158615,-1.000000000000039
3.19,-1.0,0.22813734923216622,-0.700876344821591,-1.000000000000039
3.2,-1.0,0.21591718379322467,-0.7293417277439614,-1.0000000000000389
3.21,-1.0,0.2038186121710214,-0.7550982745893009,-1.0000000000000386
3.22,-1.0,0.1918404240196947,-0.7784037589649153,-1.0000000000000384
3.23,-1.0,0.17998142079522464,-0.7994914323941242,-1.0000000000000382
3.24,-1.0,0.16824041560076916,-0.8185723505931314,-1.0000000000000382
3.25,-1.0,0.15661623303200864,-0.8358374764512129,-1.000000000000038
3.2600000000000002,-1.0,0.14510770964900505,-0.8514596086886392,-1.0000000000000377
3.27,-1.0,0.13371369672736538,-0.8655950996628214,-1.0000000000000375
3.2800000000000002,-1.0,0.12243305539085209,-0.8783854184668232,-1.0000000000000373
3.29,-1.0,0.1112646577966993,-0.8899585782788444,-1.0000000000000373
3.3000000000000003,-1.0,0.10020738741609582,-0.9004304067405446,-1.000000000000037
3.31,-1.0,0.08926013892496379,-0.9099057074213504,-1.0000000000000369
3.3200000000000003,-1.0,0.0784218180947296,-0.9184793155736232,-1.0000000000000366
3.33,-1.0,0.06769134151780756,-0.9262370309335402,-1.0000000000000364
3.34,-1.0,0.057067635584074204,-0.933256500591627,-1.0000000000000364
3.35,-1.0,0.04654963777999669,-0.9396079819440597,-1.0000000000000362
3.36,-1.0,0.036136296220372,-0.9453550412404295,-1.000000000000036
3.37,-1.0,0.02582656938934493,-0.9505551963698031,-1.0000000000000357
3.38,-1.0,0.015619426017396474,-0.9552604916054924,-1.0000000000000355
3.39,-1.0,0.005513844958324856,-0.9595180180733415,-1.0000000000000355
3.4,-1.0,-0.004491184755768096,-0.9633703882202267,-1.0000000000000353
3.41,-1.0,-0.014396662861522948,-0.9668561568951085,-1.000000000000035
3.42,-1.0,-0.02420357971075259,-0.9700102103596009,-1.0000000000000349
3.43,-1.0,-0.03391291601023935,-0.9728641157857401,-1.0000000000000346
3.44,-1.0,-0.0435256427339257,-0.9754464363666966,-1.0000000000000346
3.45,-1.0,-0.05304272122868327,-0.9777830167783197,-1.0000000000000344
3.46,-1.0,-0.06246510332007486,-0.9798972417883038,-1.0000000000000342
3.47,-1.0,-0.07179373136738043,-0.9818102719574688,-1.000000000000034
3.48,-1.0,-0.0810295379674343,-0.9835412531057904,-1.0000000000000338
3.49,-1.0,-0.09017344662117716,-0.9851075098683749,-1.0000000000000338
3.5,-1.0,-0.09922637173521279,-0.9865247174984995,-1.0000000000000335
3.5100000000000002,-1.0,-0.10818921864865824,-0.9878070601131077,-1.0000000000000333
3.52,-1.0,-0.11706288373312954,-0.9889673715179461,-1.000000000000033
3.5300000000000002,-1.0,-0.12584825449273396,-0.9900172648513387,-1.000000000000033
3.54,-1.0,-0.13454620961535677,-0.9909672475785208,-1.0000000000000329
3.5500000000000003,-1.0,-0.14315761860731824,-0.991826827590401,-1.0000000000000326
3.56,-1.0,-0.15168334251126303,-0.9926046076459637,-1.0000000000000324
3.5700000000000003,-1.0,-0.16012423391698954,-0.9933083722272072,-1.0000000000000322
3.58,-1.0,-0.1684811369612871,-0.9939451646886122,-1.0000000000000322
3.59,-1.0,-0.1767548874213299,-0.9945213584215896,-1.000000000000032
3.6,-1.0,-0.18494631280806711,-0.9950427200269892,-1.0000000000000318
3.61,-1.0,-0.19305623230739521,-0.9955144675216584,-1.0000000000000315
3.62,-1.0,-0.201085456934779,-0.9959413218273911,-1.0000000000000313
3.63,-1.0,-0.20903478928124927,-0.9963275556358923,-1.0000000000000313
3.64,-1.0,-0.21690502431569542,-0.9966770349982036,-1.000000000000031
3.65,-1.0,-0.22469694911395735,-0.9969932570729795,-1.0000000000000309
3.66,-1.0,-0.23241134294958565,-0.9972793869255433,-1.0000000000000306
3.67,-1.0,-0.24004897738367625,-0.9975382886106051,-1.0000000000000304
3.68,-1.0,-0.24761061630202919,-0.9977725518388733,-1.0000000000000304
3.69,-1.0,-0.25509701531647255,-0.9979845220626254,-1.0000000000000302
3.7,-1.0,-0.26250892283092514,-0.9981763205619334,-1.00000000000003
3.71,-1.0,-0.2698470800220026,-0.998349866664573,-1.0000000000000298
3.72,-1.0,-0.2771122207252099,-0.998506898136393,-1.0000000000000295
3.73,-1.0,-0.28430507151390944,-0.9986489855124158,-1.0000000000000295
3.74,-1.0,-0.29142635177718096,-0.9987775519267283,-1.0000000000000293
3.75,-1.0,-0.29847677379656384,-0.9988938832925879,-1.000000000000029
3.7600000000000002,-1.0,-0.3054570428216916,-0.9989991443184603,-1.0000000000000289
3.77,-1.0,-0.31236785714480836,-0.9990943884855291,-1.0000000000000286
3.7800000000000002,-1.0,-0.319209908174178,-0.9991805689333271,-1.0000000000000286
3.79,-1.0,-0.3259838805063748,-0.9992585486600137,-1.0000000000000284
3.8000000000000003,-1.0,-0.33269045199746694,-0.999329107101457,-1.0000000000000282
3.81,-1.0,-0.33933029320783986,-0.9993929511215532,-1.000000000000028
3.8200000000000003,-1.0,-0.345904067411682,-0.9994507195555443,-1.0000000000000278
3.83,-1.0,-0.35241243203279143,-0.9995029904343917,-1.0000000000000278
3.84,-1.0,-0.35885603794082216,-0.9995502873394515,-1.0000000000000275
3.85,-1.0,-0.36523552949770627,-0.9995930831312023,-1.0000000000000273
3.86,-1.0,-0.37155154461349,-0.9996318065154187,-1.000000000000027
3.87,-1.0,-0.37780471480075295,-0.9996668448724271,-1.0000000000000269
3.88,-1.0,-0.3839956652276039,-0.9996985487286129,-1.0000000000000269
3.89,-1.0,-0.39012501476926204,-0.9997272356906497,-1.0000000000000266
3.9,-1.0,-0.396193376058214,-0.9997531926102843,-1.0000000000000264
3.91,-1.0,-0.4022013555329563,-0.9997766795012635,-1.0000000000000262
3.92,-1.0,-0.40814955348531423,-0.9997979314150502,-1.000000000000026
3.93,-1.0,-0.41403856418638846,-0.9998171606974162,-1.000000000000026
3.94,-1.0,-0.41986897686891705,-0.9998345602299198,-1.0000000000000258
3.95,-1.0,-0.4256413754708666,-0.9998503039414047,-1.0000000000000255
3.96,-1.0,-0.4313563387954308,-0.9998645498065917,-1.0000000000000253
3.97,-1.0,-0.43701443845111543,-0.9998774402075266,-1.000000000000025
3.98,-1.0,-0.4426162396286461,-0.9998891033653727,-1.000000000000025
3.99,-1.0,-0.448162301263215,-0.9998996565275977,-1.0000000000000249
4.0,1.0,-0.4536531727936953,-0.9999092043004902,-1.0000000000000246
4.01,1.0,-0.4391890820529143,-0.8095927946882879,-1.0000000000000244
4.0200000000000005,1.0,-0.4248689114179853,-0.637387275319093,-1.0000000000000242
4.03,1.0,-0.4106912288606844,-0.4815692730019008,-1.0000000000000242
4.04,1.0,-0.39665461660187007,-0.340579310552419,-1.000000000000024
4.05,1.0,-0.3827576709686712,-0.2130063205535985,-1.0000000000000238
4.0600000000000005,1.0,-0.368999002121468,-0.09757350569223314,-1.0000000000000235
4.07,1.0,-0.35537723382636155,0.0068744243059289944,-1.0000000000000233
4.08,1.0,-0.34189100390555777,0.10138281949131112,-1.0000000000000233
4.09,1.0,-0.3285389638683319,0.18689755352101206,-1.000000000000023
4.1,1.0,-0.3153197787510612,0.2642744788135111,-1.0000000000000229
4.11,1.0,-0.30223212697078766,0.3342880170813683,-1.0000000000000226
4.12,1.0,-0.28927470017878704,0.3976388872622425,-1.0000000000000224
4.13,1.0,-0.2764462027542783,0.45496112563119673,-1.0000000000000224
4.14,1.0,-0.2637453515295509,0.5068284318658333,-1.0000000000000222
4.15,1.0,-0.2511708764031583,0.5537599115777716,-1.000000000000022
4.16,1.0,-0.23872151980856463,0.596225270341195,-1.0000000000000218
4.17,1.0,-0.2263960365527046,0.634649515986073,-1.0000000000000215
4.18,1.0,-0.21419319365980605,0.6694172108531111,-1.0000000000000215
4.19,1.0,-0.20211177021531987,0.7008763199960031,-1.0000000000000213
4.2,1.0,-0.19015055838304734,0.7293417007659917,-1.000000000000021
4.21,1.0,-0.1783083628500821,0.75509824164658,-1.0000000000000209
4.22,1.0,-0.16658399937777968,0.7784037243233515,-1.0000000000000207
4.23,1.0,-0.15497629545677355,0.7994913972514219,-1.0000000000000207
4.24,1.0,-0.143484090174572,0.8185723121615579,-1.0000000000000204
4.25,1.0,-0.13210623408314393,0.8358374390395853,-1.0000000000000202
4.26,1.0,-0.12084158907609009,0.8514595711606577,-1.00000000000002
4.2700000000000005,1.0,-0.10968902897956029,0.8655950615377015,-1.0000000000000198
4.28,1.0,-0.09864743886059574,0.8783853817906939,-1.0000000000000198
4.29,1.0,-0.08771571454852528,0.8899585422378832,-1.0000000000000195
4.3,1.0,-0.07689276282522804,0.9004303711812713,-1.0000000000000193
4.3100000000000005,1.0,-0.06617750130478461,0.9099056734630812,-1.000000000000019
4.32,1.0,-0.05556885831313393,0.9184792814647093,-1.0000000000000189
4.33,1.0,-0.04506577279152556,0.92623700073105,-1.0000000000000189
4.34,1.0,-0.03466719469843414,0.9332564779213048,-1.0000000000000187
4.3500000000000005,1.0,-0.024372084335356137,0.9396079627646385,-1.0000000000000184
4.36,1.0,-0.014179412174034952,0.9453550250179155,-1.0000000000000182
4.37,1.0,-0.0040881588962117694,0.9505551806968832,-1.000000000000018
4.38,1.0,0.005902684718774528,0.9552604772297855,-1.000000000000018
4.39,1.0,0.015794117906392187,0.9595180046651223,-1.0000000000000178
4.4,1.0,0.025587129865085476,0.9633703759477465,-1.0000000000000175
4.41,1.0,0.03528269989140955,0.966856145058873,-1.0000000000000173
4.42,1.0,0.0448817972080533,0.970010199824911,-1.000000000000017
4.43,1.0,0.05438538176654657,0.972864105819182,-1.000000000000017
4.44,1.0,0.0637944039877235,0.9754464275419583,-1.0000000000000169
4.45,1.0,0.07310980487093269,0.9777830084702851,-1.0000000000000167
4.46,1.0,0.08233251610215309,0.9798972347788129,-1.0000000000000164
4.47,1.0,0.09146346004592158,0.9818102654260159,-1.0000000000000162
4.48,1.0,0.10050354930792678,0.9835412474929722,-1.0000000000000162
4.49,1.0,0.10945368779746024,0.985107504472711,-1.000000000000016
4.5,1.0,0.11831477054215067,0.9865247128105991,-1.0000000000000158
4.51,1.0,0.12708768369706394,0.9878070557230849,-1.0000000000000155
4.5200000000000005,1.0,0.1357733046381099,0.9889673677768044,-1.0000000000000153
4.53,1.0,0.14437250205400193,0.9900172612774163,-1.0000000000000153
4.54,1.0,0.152886136036782,0.9909672444563885,-1.000000000000015
4.55,1.0,0.16131505817089525,0.9918268246185621,-1.0000000000000149
4.5600000000000005,1.0,0.16966011162082711,0.9926046050985025,-1.0000000000000147
4.57,1.0,0.17792213121108486,0.9933083698334679,-1.0000000000000144
4.58,1.0,0.18610194293582683,0.9939451626277211,-1.0000000000000144
4.59,1.0,0.1942003645477418,0.9945213564405821,-1.0000000000000142
4.6000000000000005,1.0,0.2022182059251736,0.9950427183076455,-1.000000000000014
4.61,1.0,0.21015626885910854,0.9955144659468632,-1.0000000000000138
4.62,1.0,0.21801534712382342,0.9959413209491609,-1.0000000000000135
4.63,1.0,0.22579622654572784,0.9963275552363066,-1.0000000000000135
4.64,1.0,0.23349968507041163,0.9966770344164171,-1.0000000000000133
4.65,1.0,0.24112649282789386,0.9969932557355315,-1.000000000000013
4.66,1.0,0.24867741219607015,0.9972793850235269,-1.0000000000000129
4.67,1.0,0.25615319786236806,0.9975382858512254,-1.0000000000000127
4.68,1.0,0.26355459735252573,0.99777254909418,-1.0000000000000127
4.69,1.0,0.27088235177612163,0.9979845195856449,-1.0000000000000124
4.7,1.0,0.2781371939915091,0.9981763190031578,-1.0000000000000122
4.71,1.0,0.28531984949287914,0.9983498655215752,-1.000000000000012
4.72,1.0,0.29243103653978075,0.9985068970499931,-1.0000000000000118
4.73,1.0,0.2994714662247722,0.9986489849606293,-1.0000000000000118
4.74,1.0,0.30644184253996853,0.9987775510374014,-1.0000000000000115
4.75,1.0,0.31334286244249604,0.9988938829114766,-1.0000000000000113
4.76,1.0,0.32017521591884107,0.9989991438154804,-1.000000000000011
4.7700000000000005,1.0,0.32693958604810286,0.9990943881601841,-1.000000000000011
4.78,1.0,0.33363664910249735,0.999180568660941,-1.0000000000000109
4.79,1.0,0.3402670751486743,0.9992585478493268,-1.0000000000000107
4.8,1.0,0.346831527390684,0.9993291065526939,-1.0000000000000104
4.8100000000000005,1.0,0.3533306622857087,0.9993929504317477,-1.0000000000000102
4.82,1.0,0.35976512975560704,0.9994507190309644,-1.0000000000000102
4.83,1.0,0.36613557325067575,0.9995029900697512,-1.00000000000001
4.84,1.0,0.37244262981260656,0.999550286875792,-1.0000000000000098
4.8500000000000005,1.0,0.3786869301366477,0.9995930828769805,-1.0000000000000095
4.86,1.0,0.3848690986329637,0.9996318061257782,-1.0000000000000093
4.87,1.0,0.39098975348720133,0.9996668445060969,-1.0000000000000093
4.88,1.0,0.39704950672025174,0.9996985484840287,-1.000000000000009
4.89,1.0,0.40304896434533927,0.9997272358692578,-1.0000000000000089
4.9,1.0,0.40898872641876455,0.9997531934864903,-1.0000000000000087
4.91,1.0,0.4148693869253876,0.9997766801148803,-1.0000000000000084
4.92,1.0,0.42069153393592196,0.9997979311152432,-1.0000000000000084
4.93,1.0,0.42645574966529937,0.9998171596342542,-1.0000000000000082
4.94,1.0,0.432162610529749,0.9998345587665798,-1.000000000000008
4.95,1.0,0.437812687203162,0.9998503016011716,-1.0000000000000078
4.96,1.0,0.4434065446727489,0.9998645464653247,-1.0000000000000075
4.97,1.0,0.44894474229398057,0.9998774367288734,-1.0000000000000075
4.98,1.0,0.45442783384482016,0.9998890999453287,-1.0000000000000073
4.99,1.0,0.459856367602437,0.9998996533648521,-1.000000000000007
5.0,-1.0,0.46523083317809866,0.9999091898834096,-1.0000000000000069
5.01,-1.0,0.4506515427921132,0.8095926653818678,-1.0000000000000067
5.0200000000000005,-1.0,0.4362173187654074,0.637387159226778,-1.0000000000000067
5.03,-1.0,0.42192671765516593,0.4815691711496618,-1.0000000000000064
5.04,-1.0,0.4077783104114755,0.3405792265712265,-1.0000000000000062
5.05,-1.0,0.3937706821890405,0.21300625675940554,-1.000000000000006
5.0600000000000005,-1.0,0.37990243219885383,0.0975734360876547,-1.0000000000000058
5.07,-1.0,0.36617217359123744,-0.006874492849431008,-1.0000000000000058
5.08,-1.0,0.3525785333434243,-0.10138288128908111,-1.0000000000000056
5.09,-1.0,0.33912015207126184,-0.1868976082165551,-1.0000000000000053
5.1000000000000005,-1.0,0.32579568393077263,-0.26427453224444164,-1.000000000000005
5.11,-1.0,0.3126037964629496,-0.3342880686549846,-1.0000000000000049
5.12,-1.0,0.29954317046824597,-0.39763894018806956,-1.0000000000000049
5.13,-1.0,0.28661249987477044,-0.45496117661643226,-1.0000000000000047
5.14,-1.0,0.2738104916015466,-0.5068284804856673,-1.0000000000000044
5.15,-1.0,0.26113586544070133,-0.5537599579374539,-1.0000000000000042
5.16,-1.0,0.24858735392258874,-0.5962253149281783,-1.000000000000004
5.17,-1.0,0.23616370226888594,-0.6346495588880509,-1.000000000000004
5.18,-1.0,0.2238636681480552,-0.6694172520600296,-1.0000000000000038
5.19,-1.0,0.2116860215605303,-0.7008763612678444,-1.0000000000000036
5.2,-1.0,0.19962954473057057,-0.7293417410118714,-1.0000000000000033
5.21,-1.0,0.18769303197986492,-0.7550982857339388,-1.000000000000003
5.22,-1.0,0.1758752896025363,-0.7784037610513188,-1.000000000000003
5.23,-1.0,0.16417513574152953,-0.7994914262049765,-1.0000000000000029
5.24,-1.0,0.152591400266395,-0.8185723351158788,-1.0000000000000027
5.25,-1.0,0.1411229246524517,-0.8358374599514049,-1.0000000000000024
5.26,-1.0,0.12976856191040081,-0.851459590699042,-1.0000000000000022
5.2700000000000005,-1.0,0.11852717684652414,-0.8655950788912993,-1.0000000000000022
5.28,-1.0,0.10739764537303897,-0.8783853980016791,-1.000000000000002
5.29,-1.0,0.09637885451505304,-0.8899585577246995,-1.0000000000000018
5.3,-1.0,0.08546970237792911,-0.9004303852184466,-1.0000000000000016
5.3100000000000005,-1.0,0.0746690980406689,-0.9099056864329824,-1.0000000000000013
5.32,-1.0,0.0639759614509502,-0.918479293479428,-1.0000000000000013
5.33,-1.0,0.05338922332180193,-0.926237013803973,-1.000000000000001
5.34,-1.0,0.04290782502993618,-0.9332564878138774,-1.0000000000000009
5.3500000000000005,-1.0,0.032530718515722215,-0.9396079724067187,-1.0000000000000007
5.36,-1.0,0.02225686612547259,-0.945355032478808,-1.0000000000000004
5.37,-1.0,0.012085240188079022,-0.9505551886942644,-1.0000000000000004
5.38,-1.0,0.002014823462063872,-0.9552604835844947,-1.0000000000000002
5.39,-1.0,-0.007955391107059263,-0.959518011389284,-1.0
5.4,-1.0,-0.01782640053834534,-0.9633703809714961,-1.0
5.41,-1.0,-0.027599191910907296,-0.9668561501359625,-1.0
5.42,-1.0,-0.03727474245800074,-0.9700102039675698,-1.0
5.43,-1.0,-0.04685401965968665,-0.9728641103717153,-1.0
5.44,-1.0,-0.05633798133408584,-0.9754464310197337,-1.0
5.45,-1.0,-0.06572757572721512,-0.9777830120067078,-1.0
5.46,-1.0,-0.07502374170654516,-0.979897237513799,-1.0
5.47,-1.0,-0.08422740926299045,-0.9818102683176465,-1.0
5.48,-1.0,-0.09333949883574366,-0.983541249808462,-1.0
5.49,-1.0,-0.10236092164523185,-0.985107506947124,-1.0
5.5,-1.0,-0.11129257984090885,-0.9865247146802066,-1.0
5.51,-1.0,-0.1201353665899976,-0.9878070576260248,-1.0
5.5200000000000005,-1.0,-0.12889016616514606,-0.9889673692951976,-1.0
5.53,-1.0,-0.13755785403098725,-0.9900172629178458,-1.0
5.54,-1.0,-0.1461392969296159,-0.9909672457293188,-1.0
5.55,-1.0,-0.15463535296496592,-0.9918268259368314,-1.0
5.5600000000000005,-1.0,-0.16304687172979473,-0.9926046061132513,-1.0
5.57,-1.0,-0.17137469451022266,-0.9933083708944906,-1.0
5.58,-1.0,-0.17961965411487094,-0.9939451634731705,-1.0
5.59,-1.0,-0.18778257504866205,-0.9945213573443609,-1.0
5.6000000000000005,-1.0,-0.1958642736082883,-0.9950427189984772,-1.0
5.61,-1.0,-0.20386555796249767,-0.9955144666566302,-1.0
5.62,-1.0,-0.21178722823140214,-0.9959413215074826,-1.0
5.63,-1.0,-0.21963007656479472,-0.9963275558328937,-1.0
5.64,-1.0,-0.2273948872194853,-0.9966770350238326,-1.0
5.65,-1.0,-0.23508243663565234,-0.9969932568128258,-1.0
5.66,-1.0,-0.2426934935624907,-0.9972793856220764,-1.0
5.67,-1.0,-0.25022881922939116,-0.9975382860367098,-1.0
5.68,-1.0,-0.2576891671882048,-0.9977725491717074,-1.0
5.69,-1.0,-0.2650752834812358,-0.9979845193050526,-1.0
5.7,-1.0,-0.2723879067241597,-0.998176318110677,-1.0
5.71,-1.0,-0.2796277681787794,-0.9983498654571261,-1.0
5.72,-1.0,-0.2867955918248915,-0.998506896930877,-1.0
5.73,-1.0,-0.2938920944312718,-0.9986489848662876,-1.0
5.74,-1.0,-0.3009179856257721,-0.9987775514415999,-1.0
5.75,-1.0,-0.3078739679645402,-0.9988938827109319,-1.0
5.76,-1.0,-0.3147607370409896,-0.9989991441173938,-1.0
5.7700000000000005,-1.0,-0.3215789816560246,-0.9990943881570801,-1.0
5.78,-1.0,-0.328329383631623,-0.9991805687064946,-1.0
5.79,-1.0,-0.33501261801625565,-0.9992585481711793,-1.0
5.8,-1.0,-0.34162935313795867,-0.9993291065423161,-1.0
5.8100000000000005,-1.0,-0.3481802506703278,-0.9993929506813867,-1.0
5.82,-1.0,-0.3546659656976556,-0.9994507190097097,-1.0
5.83,-1.0,-0.36108714677922976,-0.9995029901249299,-1.0
5.84,-1.0,-0.36744443601278803,-0.9995502870052592,-1.0
5.8500000000000005,-1.0,-0.3737384690971488,-0.9995930828389417,-1.0
5.86,-1.0,-0.3799698754571276,-0.9996318062838219,-1.0
5.87,-1.0,-0.38613927834207795,-0.9996668445439832,-1.0
5.88,-1.0,-0.39224729470515596,-0.9996985485099775,-1.0
5.89,-1.0,-0.3982945353551691,-0.9997272354632184,-1.0
5.9,-1.0,-0.4042816050198874,-0.9997531927079939,-1.0
5.91,-1.0,-0.4102091024057065,-0.9997766802233541,-1.0
5.92,-1.0,-0.4160776202566621,-0.9997979321669471,-1.0
5.93,-1.0,-0.42188774541279433,-0.9998171609914389,-1.0
5.94,-1.0,-0.4276400588678843,-0.9998345595503598,-1.0
5.95,-1.0,-0.43333513582656635,-0.9998503027408794,-1.0
5.96,-1.0,-0.4389735457608371,-0.9998645476418396,-1.0
5.97,-1.0,-0.4445558524659614,-0.9998774365769743,-1.0
5.98,-1.0,-0.45008261411769196,-0.9998890999267745,-1.0
5.99,-1.0,-0.45555438351618155,-0.9998996535033515,-1.0
6.0,1.0,-0.46097169402975474,-0.9999091653632834,-0.9999999895237591
6.01,1.0,-0.4464347834712235,-0.8095926439499377,0.2642411304600069
6.0200000000000005,1.0,-0.43204251690082207,-0.6373871385702303,0.7293294327309437
6.03,1.0,-0.4177934557718051,-0.4815691521273783,0.9004258573439418
6.04,1.0,-0.4036861751804186,-0.3405792124003606,0.963368715328083
6.05,1.0,-0.3897192643802269,-0.21300623722389012,0.9865241019168485
6.0600000000000005,1.0,-0.3758913266591292,-0.0975734203515885,0.9950424935760084
6.07,1.0,-0.36220097921870753,0.006874505479824031,0.9981762355296219
6.08,1.0,-0.3486468530089922,0.10138289293231559,0.9993290760513321
6.09,1.0,-0.33522759260908,0.186897618608526,0.9997531817672339
6.1000000000000005,1.0,-0.32194185608041775,0.26427454168740416,0.9999091983454024
6.11,1.0,-0.30878831483966307,0.33428807763339596,0.9999665947244345
6.12,1.0,-0.295765653520347,0.39763894755528345,0.9999877114652227
6.13,1.0,-0.28287256984685055,0.4549611838009137,0.9999954791570298
6.140000000000001,1.0,-0.2701077745261884,0.5068284873395611,0.9999983388683669
6.15,1.0,-0.25746999113474367,0.5537599638603273,0.9999993876040534
6.16,1.0,-0.2449579559024705,0.5962253198206438,0.9999997725853328
6.17,1.0,-0.23257041762299213,0.6346495629209694,0.9999999180521639
6.18,1.0,-0.22030613752556755,0.6694172559486231,0.9999999705735508
6.19,1.0,-0.20816388914722256,0.7008763651151264,0.9999999885591178
6.2,1.0,-0.19614245820627987,0.7293417452978985,0.9999999956346254
6.21,1.0,-0.18424064247727107,0.7550982878962723,0.9999999983460972
6.22,1.0,-0.17245725166725215,0.7784037608346942,0.9999999995345877
6.23,1.0,-0.16079110729350576,0.7994914275052911,1.000000000499187
6.24,1.0,-0.1492410427773579,0.8185723367295252,1.0000000008742438
6.25,1.0,-0.13780590328693704,0.835837461694337,1.0000000006597585
6.26,1.0,-0.1264845452871488,0.8514595925120728,1.0000000006781653
6.2700000000000005,1.0,-0.11527583662380303,0.8655950801667887,1.000000000647887
6.28,1.0,-0.10417865641371979,0.8783853995514245,1.0000000004729777
6.29,1.0,-0.09319189493589068,0.8899585590791623,1.0000000002824758
6.3,1.0,-0.08231445352426334,0.9004303861694715,1.0000000002103815
6.3100000000000005,1.0,-0.07154524446213278,0.9099056874383362,1.000000000138287
6.32,1.0,-0.060883190878151826,0.9184792944618243,1.0000000000719256
6.33,1.0,-0.05032722664290289,0.9262370140435966,1.0000000000698614
6.34,1.0,-0.03987629602521655,0.9332564884915822,1.0000000000677975
6.3500000000000005,1.0,-0.029529353766432127,0.9396079727925062,1.0000000000657334
6.36,1.0,-0.01928536515484764,0.945355033177929,1.0000000000636695
6.37,1.0,-0.009143305786657327,0.9505551890296347,1.0000000000616054
6.38,1.0,0.0008978385327102212,0.955260484131279,1.0000000000595415
6.390000000000001,1.0,0.010839071885840997,0.9595180116050009,1.0000000000574774
6.4,1.0,0.020681388339161257,0.9633703814209875,1.0000000000554135
6.41,1.0,0.030425772037353783,0.9668561504154016,1.0000000000533493
6.42,1.0,0.040073197296347174,0.9700102043621589,1.0000000000512854
6.43,1.0,0.049624628706784774,0.9728641105172641,1.0000000000492213
6.44,1.0,0.059081021653720506,0.9754464313087576,1.0000000000471574
6.45,1.0,0.06844332195565508,0.9777830121575782,1.0000000000450933
6.46,1.0,0.07771246585520583,0.9798972377729875,1.0000000000430294
6.47,1.0,0.08688938027546717,0.9818102684511979,1.0000000000409652
6.48,1.0,0.09597498291128677,0.9835412500144697,1.0000000000389013
6.49,1.0,0.10497018231942123,0.9851075070283126,1.0000000000368372
6.5,1.0,0.11387587800758407,0.9865247148437228,1.0000000000347733
6.51,1.0,0.12269296052237003,0.9878070577198214,1.0000000000327092
6.5200000000000005,1.0,0.13142231153606856,0.9889673694385163,1.0000000000306453
6.53,1.0,0.14006480394390303,0.990017262978811,1.0000000000285811
6.54,1.0,0.14862130210942368,0.9909672458385322,1.0000000000265172
6.55,1.0,0.15709266173808795,0.9918268259893385,1.000000000024453
6.5600000000000005,1.0,0.16547972997602503,0.9926046062066674,1.0000000000223892
6.57,1.0,0.17378334553627053,0.9933083709434927,1.000000000020325
6.58,1.0,0.18200433878134664,0.9939451635496728,1.0000000000182612
6.59,1.0,0.19014353180482788,0.9945213573760945,1.000000000016197
6.6000000000000005,1.0,0.1982017385119049,0.995042719058827,1.0000000000141331
6.61,1.0,0.20617976469893676,0.9955144666888949,1.000000000012069
6.62,1.0,0.2140784081320038,0.9959413215708195,1.000000000010005
6.63,1.0,0.22189845864528387,0.9963275558563693,1.000000000007941
6.640000000000001,1.0,0.2296406983594966,0.9966770350629824,1.000000000005877
6.65,1.0,0.2373059015357907,0.9969932566878518,1.000000000003813
6.66,1.0,0.24489483470280976,0.9972793854564646,1.0000000000020548
6.67,1.0,0.25240825675890033,0.9975382861188702,1.0000000000019957
6.68,1.0,0.25984691904690266,0.9977725492630749,1.0000000000019367
6.69,1.0,0.26721156542803565,0.9979845194290067,1.0000000000018776
6.7,1.0,0.2745029323548718,0.9981763184649558,1.0000000000018185
6.71,1.0,0.2817217489434128,0.9983498657692114,1.0000000000017595
6.72,1.0,0.28886873704425214,0.9985068969755615,1.0000000000017004
6.73,1.0,0.29594461133170596,0.9986489850768838,1.0000000000016414
6.74,1.0,0.30295007952174857,0.9987775512988809,1.000000000001582
6.75,1.0,0.3098858421657504,0.998893882795945,1.000000000001523
6.76,1.0,0.316752592848903,0.9989991441942198,1.000000000001464
6.7700000000000005,1.0,0.3235510182516092,0.9990943881304084,1.0000000000014049
6.78,1.0,0.3302817982173292,0.9991805688357434,1.0000000000013458
6.79,1.0,0.3369456058195574,0.999258548049136,1.0000000000012867
6.8,1.0,0.34354310742792504,0.9993291065682016,1.0000000000012277
6.8100000000000005,1.0,0.3500749627734489,0.9993929506797075,1.0000000000011686
6.82,1.0,0.35654182501292553,0.9994507189962126,1.0000000000011096
6.83,1.0,0.3629443408401846,0.9995029902055134,1.0000000000010503
6.84,1.0,0.3692831506241244,0.9995502869436989,1.0000000000009912
6.8500000000000005,1.0,0.3755588882639751,0.999593082879024,1.0000000000009321
6.86,1.0,0.381772181341501,0.999631806432035,1.000000000000873
6.87,1.0,0.387923651190435,0.99966684450708,1.000000000000814
6.88,1.0,0.3940139129577553,0.9996985485463321,1.000000000000755
6.890000000000001,1.0,0.40004357566428805,0.9997272354904041,1.0000000000006959
6.9,1.0,0.4060132422646411,0.9997531929733375,1.0000000000006368
6.91,1.0,0.41192350970648955,0.9997766804265408,1.0000000000005778
6.92,1.0,0.41777496898921374,0.9997979319482989,1.0000000000005185
6.93,1.0,0.4235682052219095,0.9998171605714196,1.0000000000004594
6.94,1.0,0.42930379768078025,0.9998345591785371,1.0000000000004003
6.95,1.0,0.4349823198659186,0.9998503025297569,1.0000000000003413
6.96,1.0,0.44060433961120227,0.9998645471760307,1.0000000000002822
6.97,1.0,0.4461704192030659,0.9998774363735513,1.0000000000002232
6.98,1.0,0.45168111541901296,0.9998891002245589,1.000000000000164
6.99,1.0,0.45713697951709903,0.9998996535830673,1.000000000000105
7.0,-1.0,0.4625385384683708,0.9999091961138276,1.000000000000059
7.01,-1.0,0.44798603897843214,0.8095926786518813,1.0000000000000588
7.0200000000000005,-1.0,0.43357833714987154,0.6373871697008026,1.0000000000000588
7.03,-1.0,0.4193139943488679,0.48156917749708805,1.0000000000000586
7.04,-1.0,0.4051915841396239,0.34057922480540054,1.0000000000000584
7.05,-1.0,0.39120969425984403,0.21300624298849669,1.0000000000000582
7.0600000000000005,-1.0,0.3773669262753335,0.09757343553976978,1.000000000000058
7.07,-1.0,0.36366189519976877,-0.006874487748572258,1.000000000000058
7.08,-1.0,0.3500932304424575,-0.1013828770242329,1.0000000000000577
7.09,-1.0,0.3366595752150944,-0.1868976054819549,1.0000000000000575
7.1000000000000005,-1.0,0.3233595863530977,-0.2642745252735468,1.0000000000000573
7.11,-1.0,0.31019193417000707,-0.3342880590005356,1.0000000000000573
7.12,-1.0,0.2971553023118691,-0.397638925461556,1.000000000000057
7.13,-1.0,0.28424838761163507,-0.4549611602388617,1.0000000000000568
7.140000000000001,-1.0,0.2714698999435515,-0.5068284631926492,1.0000000000000566
7.15,-1.0,0.2588185620770654,-0.5537599399220412,1.0000000000000564
7.16,-1.0,0.24629310876347937,-0.5962252959369785,1.0000000000000564
7.17,-1.0,0.23389228706053206,-0.6346495391374899,1.0000000000000562
7.18,-1.0,0.22161485693303784,-0.6694172316440858,1.000000000000056
7.19,-1.0,0.2094595905656123,-0.7008763388193422,1.0000000000000557
7.2,-1.0,0.19742527221142908,-0.7293417177144899,1.0000000000000557
7.21,-1.0,0.18551069804096615,-0.7550982572462196,1.0000000000000555
7.22,-1.0,0.1737146759907628,-0.778403738210851,1.0000000000000553
7.23,-1.0,0.1620360256121703,-0.7994914099716903,1.000000000000055
7.24,-1.0,0.15047357792010865,-0.8185723235721553,1.0000000000000548
7.25,-1.0,0.1390261754552242,-0.8358374494288637,1.0000000000000548
7.26,-1.0,0.1276926751014405,-0.8514595806818532,1.0000000000000546
7.2700000000000005,-1.0,0.11647194433227084,-0.8655950699918491,1.0000000000000544
7.28,-1.0,0.10536286124064848,-0.8783853895685741,1.0000000000000542
7.29,-1.0,0.09436431515089497,-0.8899585491676337,1.0000000000000542
7.3,-1.0,0.08347520650769522,-0.9004303775272434,1.000000000000054
7.3100000000000005,-1.0,0.07269444676506646,-0.9099056791954085,1.0000000000000537
7.32,-1.0,0.062020958256966185,-0.9184792864268176,1.0000000000000535
7.33,-1.0,0.051453673402459245,-0.9262370052885311,1.0000000000000533
7.34,-1.0,0.040991535242595176,-0.9332564821111106,1.0000000000000533
7.3500000000000005,-1.0,0.030633497512839836,-0.9396079665975977,1.000000000000053
7.36,-1.0,0.020378524277421206,-0.9453550284274229,1.0000000000000528
7.37,-1.0,0.010225589808570487,-0.9505551837938063,1.0000000000000526
7.38,-1.0,0.0001736784657725473,-0.9552604800042203,1.0000000000000524
7.390000000000001,-1.0,-0.009778215421616304,-0.9595180072070275,1.0000000000000524
7.4,-1.0,-0.019631086728642888,-0.9633703782645624,1.0000000000000522
7.41,-1.0,-0.029385920213630082,-0.9668561471617706,1.000000000000052
7.42,-1.0,-0.039043691367209664,-0.970010201678094,1.0000000000000517
7.43,-1.0,-0.0486053659977422,-0.9728641075108095,1.0000000000000517
7.44,-1.0,-0.058071900336500414,-0.9754464290817704,1.0000000000000515
7.45,-1.0,-0.06744424114284847,-0.9777830098765602,1.0000000000000513
7.46,-1.0,-0.07672332580942963,-0.9798972360382924,1.000000000000051
7.47,-1.0,-0.08591008218321461,-0.9818102665700288,1.0000000000000508
7.48,-1.0,-0.09500542866825931,-0.9835412485132654,1.0000000000000508
7.49,-1.0,-0.10401027480140079,-0.9851075054060445,1.0000000000000506
7.5,-1.0,-0.11292552109742941,-0.9865247136593186,1.0000000000000504
7.51,-1.0,-0.1217520591470667,-0.9878070564952596,1.0000000000000502
7.5200000000000005,-1.0,-0.13049077171604329,-0.9889673684622956,1.0000000000000502
7.53,-1.0,-0.1391425328441721,-0.9900172619021541,1.00000000000005
7.54,-1.0,-0.14770820772086252,-0.990967245020814,1.0000000000000497
7.55,-1.0,-0.15618865258327197,-0.9918268251341,1.0000000000000495
7.5600000000000005,-1.0,-0.16458471546739925,-0.9926046055622685,1.0000000000000493
7.57,-1.0,-0.1728972360075842,-0.9933083702551303,1.0000000000000493
7.58,-1.0,-0.18112704551783257,-0.9939451630037072,1.000000000000049
7.59,-1.0,-0.1892749670842389,-0.9945213567840073,1.0000000000000488
7.6000000000000005,-1.0,-0.19734181565741343,-0.9950427186188305,1.0000000000000486
7.61,-1.0,-0.20532839790461366,-0.9955144662303609,1.0000000000000484
7.62,-1.0,-0.21323551239035254,-0.9959413212018959,1.0000000000000484
7.63,-1.0,-0.22106394961116393,-0.99632755546675,1.0000000000000482
7.640000000000001,-1.0,-0.22881449245076513,-0.9966770345761442,1.000000000000048
7.65,-1.0,-0.2364879160238228,-0.9969932558477858,1.0000000000000477
7.66,-1.0,-0.24408498776550405,-0.9972793852172701,1.0000000000000477
7.67,-1.0,-0.2516064675201131,-0.9975382860314501,1.0000000000000475
7.68,-1.0,-0.259053107491967,-0.9977725492693827,1.0000000000000473
7.69,-1.0,-0.266425651772745,-0.9979845198321808,1.000000000000047
7.7,-1.0,-0.27372483750136756,-0.9981763192298876,1.0000000000000469
7.71,-1.0,-0.280951394596348,-0.9983498656377987,1.0000000000000469
7.72,-1.0,-0.2881060457465564,-0.9985068972185791,1.0000000000000466
7.73,-1.0,-0.2951895064885256,-0.9986489849886538,1.0000000000000464
7.74,-1.0,-0.302202485282626,-0.9987775511466773,1.0000000000000462
7.75,-1.0,-0.3091456835881198,-0.9988938830009289,1.0000000000000462
7.76,-1.0,-0.31601979593708224,-0.9989991438718292,1.000000000000046
7.7700000000000005,-1.0,-0.32282551000719945,-0.9990943882622381,1.0000000000000457
7.78,-1.0,-0.3295635066934357,-0.9991805686707742,1.0000000000000455
7.79,-1.0,-0.33623446017857994,-0.9992585479092555,1.0000000000000453
7.8,-1.0,-0.3428390377269724,-0.9993291065804646,1.0000000000000453
7.8100000000000005,-1.0,-0.3493778991399798,-0.9993929504704976,1.000000000000045
7.82,-1.0,-0.355851698287409,-0.9994507190913919,1.0000000000000449
7.83,-1.0,-0.36226108258191003,-0.9995029900827557,1.0000000000000446
7.84,-1.0,-0.36860669296451026,-0.9995502869216198,1.0000000000000444
7.8500000000000005,-1.0,-0.37488916396022987,-0.9995930830261428,1.0000000000000444
7.86,-1.0,-0.381109123732265,-0.9996318061450992,1.0000000000000442
7.87,-1.0,-0.3872671941347456,-0.9996668445356796,1.000000000000044
7.88,-1.0,-0.3933639907640574,-0.9996985485329283,1.0000000000000437
7.890000000000001,-1.0,-0.399400123008738,-0.9997272359912235,1.0000000000000437
7.9,-1.0,-0.4053761940979383,-0.9997531935326441,1.0000000000000435
7.91,-1.0,-0.41129280114846023,-0.9997766800277719,1.0000000000000433
7.92,-1.0,-0.4171505354673503,-0.9997979309613906,1.000000000000043
7.930000000000001,-1.0,-0.4229499833908859,-0.9998171595671593,1.0000000000000429
7.94,-1.0,-0.42869172591221816,-0.9998345586611762,1.0000000000000429
7.95,-1.0,-0.43437633839821593,-0.9998503014348015,1.0000000000000426
7.96,-1.0,-0.44000438877037856,-0.9998645465390172,1.0000000000000424
7.97,-1.0,-0.4455764391004127,-0.9998774367557041,1.0000000000000422
7.98,-1.0,-0.45109304557129415,-0.999889099915517,1.0000000000000422
7.99,-1.0,-0.4565547611067356,-0.9998996534877448,1.000000000000042
8.0,1.0,-0.46196210525557013,-0.9999092020218827,1.0000000000000417
8.01,1.0,-0.4474154090406553,-0.809592687028616,1.0000000000000415
8.02,1.0,-0.4330133850724835,-0.6373871781264524,1.0000000000000413
8.03,1.0,-0.41875466364953856,-0.4815691849747327,1.0000000000000413
8.040000000000001,1.0,-0.4046378188753717,-0.3405792306755936,1.000000000000041
8.05,1.0,-0.39066143899966704,-0.21300624826727727,1.0000000000000409
8.06,1.0,-0.37682412589992986,-0.09757344027498203,1.0000000000000406
8.07,1.0,-0.3631244956952674,0.006874483507926993,1.0000000000000406
8.08,1.0,-0.34956117847689083,0.10138287304430645,1.0000000000000404
8.09,1.0,-0.33613281807439604,0.18689760188168641,1.0000000000000402
8.1,1.0,-0.32283807190951685,0.2642745229034742,1.00000000000004
8.11,1.0,-0.30967561084987905,0.33428805696600644,1.0000000000000397
8.120000000000001,1.0,-0.29664411906275173,0.39763892325380773,1.0000000000000397
8.13,1.0,-0.28374229386824124,0.4549611581836225,1.0000000000000395
8.14,1.0,-0.2709688450274693,0.5068284613205843,1.0000000000000393
8.15,1.0,-0.25832249491660986,0.5537599382327246,1.000000000000039
8.16,1.0,-0.24580197891129768,0.5962252944779838,1.0000000000000389
8.17,1.0,-0.23340604486501476,0.634649537826815,1.0000000000000389
8.18,1.0,-0.2211334529566523,0.6694172306654714,1.0000000000000386
8.19,1.0,-0.20898297553807305,0.7008763379471645,1.0000000000000384
8.2,1.0,-0.19695339698167372,0.7293417170169761,1.0000000000000382
8.21,1.0,-0.18504351352794504,0.7550982562516235,1.0000000000000382
8.22,1.0,-0.1732521338338282,0.7784037376259716,1.000000000000038
8.23,1.0,-0.16157808059865797,0.7994914092246176,1.0000000000000377
8.24,1.0,-0.1500201866269925,0.8185723230474259,1.0000000000000375
8.25,1.0,-0.13857729609026687,0.8358374488520348,1.0000000000000373
8.26,1.0,-0.12724826458726632,0.8514595800156611,1.0000000000000373
8.27,1.0,-0.11603195901279087,0.8655950695909386,1.000000000000037
8.28,1.0,-0.10492725742631956,0.8783853890287835,1.0000000000000369
8.290000000000001,1.0,-0.09393304892067296,0.8899585488328592,1.0000000000000366
8.3,1.0,-0.0830482335509571,0.9004303771144941,1.0000000000000366
8.31,1.0,-0.07227172369402651,0.9099056788473913,1.0000000000000364
8.32,1.0,-0.061602442224380334,0.9184792864012915,1.0000000000000362
8.33,1.0,-0.05103932221164492,0.926237005208802,1.000000000000036
8.34,1.0,-0.04058130729665848,0.9332564819192867,1.0000000000000357
8.35,1.0,-0.030227351573247047,0.9396079663863091,1.0000000000000357
8.36,1.0,-0.019976419470000728,0.9453550282964741,1.0000000000000355
8.370000000000001,1.0,-0.009827485632047963,0.9505551836800828,1.0000000000000353
8.38,1.0,0.00022046519716113766,0.9552604799207058,1.000000000000035
8.39,1.0,0.010168437725345036,0.9595180071058859,1.0000000000000349
8.4,1.0,0.020017425983750607,0.963370378135077,1.0000000000000349
8.41,1.0,0.029768414848457485,0.9668561470461727,1.0000000000000346
8.42,1.0,0.03942237944929169,0.9700102016305684,1.0000000000000344
8.43,1.0,0.04898028526322353,0.9728641074604233,1.0000000000000342
8.44,1.0,0.058443088223159204,0.9754464290129241,1.0000000000000342
8.45,1.0,0.06781173482673225,0.9777830098044507,1.000000000000034
8.46,1.0,0.0770871622450968,0.979897235983226,1.0000000000000338
8.47,1.0,0.08627029791778545,0.9818102665213031,1.0000000000000335
8.48,1.0,0.09536206035881921,0.9835412484829655,1.0000000000000333
8.49,1.0,0.10436335786803291,0.9851075053713256,1.0000000000000333
8.5,1.0,0.11327509063509003,0.986524713616539,1.000000000000033
8.51,1.0,0.12209814991445402,0.9878070564549382,1.0000000000000329
8.52,1.0,0.1308334181310501,0.9889673684397869,1.0000000000000326
8.53,1.0,0.13948176898486772,0.9900172618800466,1.0000000000000326
8.540000000000001,1.0,0.14804406755450528,0.9909672449982,1.0000000000000324
8.55,1.0,0.1565211703973924,0.9918268251101898,1.0000000000000322
8.56,1.0,0.1649139248504352,0.9926046055414615,1.000000000000032
8.57,1.0,0.17322316968798238,0.9933083702360598,1.0000000000000318
8.58,1.0,0.18144973584555252,0.9939451629916835,1.0000000000000318
8.59,1.0,0.18959444601526876,0.9945213567711025,1.0000000000000315
8.6,1.0,0.19765811473080488,0.9950427186044948,1.0000000000000313
8.61,1.0,0.20564154845075178,0.9955144662163767,1.000000000000031
8.620000000000001,1.0,0.21354554564040656,0.9959413211929263,1.0000000000000309
8.63,1.0,0.22137089685197525,0.9963275554577157,1.0000000000000309
8.64,1.0,0.22911838480321012,0.9966770346318121,1.0000000000000306
8.65,1.0,0.23678878445445417,0.9969932559460082,1.0000000000000304
8.66,1.0,0.24438286300209558,0.9972793851780284,1.0000000000000302
8.67,1.0,0.25190137965128334,0.9975382859896358,1.0000000000000302
8.68,1.0,0.2593450862640335,0.997772549214592,1.00000000000003
8.69,1.0,0.2667147272348498,0.9979845196643976,1.0000000000000298
8.700000000000001,1.0,0.27401103951361305,0.998176319065889,1.0000000000000295
8.71,1.0,0.2812347526684577,0.9983498656184167,1.0000000000000293
8.72,1.0,0.28838658894688673,0.9985068971120471,1.0000000000000293
8.73,1.0,0.29546726333509954,0.9986489850652658,1.000000000000029
8.74,1.0,0.3024774836155519,0.9987775511014775,1.0000000000000289
8.75,1.0,0.30941795042274023,0.9988938829651469,1.0000000000000286
8.76,1.0,0.3162893573024968,0.9989991438808306,1.0000000000000286
8.77,1.0,0.323092391966368,0.9990943881973909,1.0000000000000284
8.78,1.0,0.32982773544261706,0.9991805687274361,1.0000000000000282
8.790000000000001,1.0,0.33649606128387227,0.9992585478904388,1.000000000000028
8.8,1.0,0.34309803632893576,0.9993291065937271,1.0000000000000278
8.81,1.0,0.34963432076588935,0.9993929504699267,1.0000000000000278
8.82,1.0,0.35610556819417616,0.9994507190533735,1.0000000000000275
8.83,1.0,0.36251242568567665,0.9995029901078004,1.0000000000000273
8.84,1.0,0.36885553384477093,0.9995502868970142,1.000000000000027
8.85,1.0,0.3751355268673898,0.9995930829061825,1.0000000000000269
8.86,1.0,0.381353032599053,0.999631806151206,1.0000000000000269
8.870000000000001,1.0,0.38750867271191697,0.9996668445217438,1.0000000000000266
8.88,1.0,0.3936030631660579,0.9996985484948029,1.0000000000000264
8.89,1.0,0.3996368134677877,0.9997272358477766,1.0000000000000262
8.9,1.0,0.405610527002608,0.9997531934820729,1.0000000000000262
8.91,1.0,0.41152480114817785,0.9997766801627073,1.000000000000026
8.92,1.0,0.4173802273327738,0.9997979311882005,1.0000000000000258
8.93,1.0,0.42317739109300917,0.9998171596843701,1.0000000000000255
8.94,1.0,0.4289168721308105,0.9998345588147267,1.0000000000000253
8.950000000000001,1.0,0.4345992443696526,0.9998503016766446,1.0000000000000253
8.96,1.0,0.44022507601004707,0.9998645464699564,1.000000000000025
8.97,1.0,0.44579492958457123,0.9998774367247599,1.0000000000000249
8.98,1.0,0.45130936207470745,0.9998890999655954,1.0000000000000246
8.99,1.0,0.45676892501144983,0.9998996533373954,1.0000000000000246
9.0,-1.0,0.4621741068360182,0.9999091908210079,1.0000000000000244
9.01,-1.0,0.44762524224296296,0.8095926663650155,1.0000000000000242
9.02,-1.0,0.43322113040273214,0.6373871598789573,1.000000000000024
9.03,-1.0,0.4189603418796989,0.48156917171403774,1.0000000000000238
9.040000000000001,-1.0,0.40484145057314747,0.3405792274525715,1.0000000000000238
9.05,-1.0,0.39086304443905373,0.2130062566206657,1.0000000000000235
9.06,-1.0,0.3770237252636575,0.09757343628283971,1.0000000000000233
9.07,-1.0,0.36332210909329554,-0.006874492455006112,1.000000000000023
9.08,-1.0,0.34975682586007106,-0.10138288096374444,1.000000000000023
9.09,-1.0,0.3363265192238735,-0.1868976079045453,1.0000000000000229
9.1,-1.0,0.3230298464257694,-0.26427453196731504,1.0000000000000226
9.11,-1.0,0.3098654781413943,-0.3342880684525572,1.0000000000000224
9.120000000000001,-1.0,0.29683209833426805,-0.3976389399367298,1.0000000000000222
9.13,-1.0,0.28392840365564953,-0.45496117649789525,1.0000000000000222
9.14,-1.0,0.2711531034945026,-0.5068284803946731,1.000000000000022
9.15,-1.0,0.25850492031939704,-0.5537599577876409,1.0000000000000218
9.16,-1.0,0.24598258921212413,-0.5962253147093688,1.0000000000000215
9.17,-1.0,0.23358485771462226,-0.6346495586284564,1.0000000000000213
9.18,-1.0,0.22131048567590164,-0.6694172519396305,1.0000000000000213
9.19,-1.0,0.20915824509896966,-0.7008763611663543,1.000000000000021
9.200000000000001,-1.0,0.19712692006711602,-0.7293417410038829,1.0000000000000209
9.21,-1.0,0.18521530846484688,-0.7550982855780389,1.0000000000000207
9.22,-1.0,0.17342221974820515,-0.7784037604687513,1.0000000000000207
9.23,-1.0,0.16174647458643893,-0.7994914259567091,1.0000000000000204
9.24,-1.0,0.150186905321665,-0.8185723348228133,1.0000000000000202
9.25,-1.0,0.13874235583625144,-0.8358374598448682,1.00000000000002
9.26,-1.0,0.12741168142019987,-0.8514595906456937,1.0000000000000198
9.27,-1.0,0.11619374863852812,-0.8655950787551121,1.0000000000000198
9.28,-1.0,0.10508743538850951,-0.8783853979574014,1.0000000000000195
9.290000000000001,-1.0,0.09409163184980199,-0.8899585576804853,1.0000000000000193
9.3,-1.0,0.08320523863085233,-0.9004303851284423,1.000000000000019
9.31,-1.0,0.07242716707452689,-0.9099056863805322,1.000000000000019
9.32,-1.0,0.06175633931186802,-0.9184792934264918,1.0000000000000189
9.33,-1.0,0.05119168814194493,-0.9262370136784084,1.0000000000000187
9.34,-1.0,0.04073215691170627,-0.9332564877099108,1.0000000000000184
9.35,-1.0,0.030376699395833,-0.9396079723324016,1.0000000000000182
9.36,-1.0,0.020124279986965067,-0.9453550324224732,1.0000000000000182
9.370000000000001,-1.0,0.009973874045046877,-0.9505551886393862,1.000000000000018
9.38,-1.0,-7.553342956433118e-05,-0.9552604835323772,1.0000000000000178
9.39,-1.0,-0.01002494740666618,-0.9595180113349819,1.0000000000000175
9.4,-1.0,-0.019875362901091896,-0.9633703809262375,1.0000000000000173
9.41,-1.0,-0.02962776508395547,-0.9668561501067111,1.0000000000000173
9.42,-1.0,-0.039283129393894986,-0.9700102039405083,1.000000000000017
9.43,-1.0,-0.048842421648315995,-0.9728641103359226,1.0000000000000169
9.44,-1.0,-0.05830659747087119,-0.9754464309873072,1.0000000000000167
9.450000000000001,-1.0,-0.06767660320298166,-0.9777830119815205,1.0000000000000167
9.46,-1.0,-0.07695337555479558,-0.9798972374928638,1.0000000000000164
9.47,-1.0,-0.08613784226512214,-0.9818102682989119,1.0000000000000162
9.48,-1.0,-0.09523092187209294,-0.9835412497906704,1.000000000000016
9.49,-1.0,-0.10423352382064408,-0.9851075069274912,1.0000000000000158
9.5,-1.0,-0.11314654856891171,-0.9865247146633486,1.0000000000000158
9.51,-1.0,-0.12197088767040766,-0.9878070576139122,1.0000000000000155
9.52,-1.0,-0.1307074230995467,-0.9889673692844477,1.0000000000000153
9.53,-1.0,-0.13935702820164447,-0.9900172629057505,1.000000000000015
9.540000000000001,-1.0,-0.14792056794858588,-0.9909672457182644,1.000000000000015
9.55,-1.0,-0.15639889873413187,-0.9918268259271688,1.0000000000000149
9.56,-1.0,-0.16479286846321134,-0.9926046061050562,1.0000000000000147
9.57,-1.0,-0.1731033166396613,-0.993308370887543,1.0000000000000144
9.58,-1.0,-0.18133107445243757,-0.9939451634667557,1.0000000000000142
9.59,-1.0,-0.18947696486028698,-0.9945213573374289,1.0000000000000142
9.6,-1.0,-0.19754180267488283,-0.9950427189924019,1.000000000000014
9.61,-1.0,-0.20552639464242334,-0.9955144666518462,1.0000000000000138
9.620000000000001,-1.0,-0.21343153927687308,-0.9959413215032933,1.0000000000000135
9.63,-1.0,-0.22125802681366397,-0.9963275558285221,1.0000000000000133
9.64,-1.0,-0.22900663993703518,-0.9966770350199629,1.0000000000000133
9.65,-1.0,-0.23667815352268054,-0.9969932567890273,1.000000000000013
9.66,-1.0,-0.2442733346966074,-0.9972793855835032,1.0000000000000129
9.67,-1.0,-0.25179294290088733,-0.9975382860443783,1.0000000000000127
9.68,-1.0,-0.2592377299575947,-0.9977725491805128,1.0000000000000127
9.69,-1.0,-0.26660844013093327,-0.9979845193190064,1.0000000000000124
9.700000000000001,-1.0,-0.27390581018755206,-0.9981763181592449,1.0000000000000122
9.71,-1.0,-0.2811305694550424,-0.9983498655149248,1.000000000000012
9.72,-1.0,-0.2882834400745234,-0.9985068969293012,1.0000000000000118
9.73,-1.0,-0.29536513833329364,-0.998648984896678,1.0000000000000118
9.74,-1.0,-0.30237637266412953,-0.9987775514196374,1.0000000000000115
9.75,-1.0,-0.3093178442040339,-0.9988938827160789,1.0000000000000113
9.76,-1.0,-0.3161902470998973,-0.9989991441367286,1.000000000000011
9.77,-1.0,-0.32299426857407443,-0.9990943881444847,1.000000000000011
9.78,-1.0,-0.32973058898890595,-0.9991805687251966,1.0000000000000109
9.790000000000001,-1.0,-0.33639988191018566,-0.9992585481461616,1.0000000000000107
9.8,-1.0,-0.34300281416956735,-0.9993291065411887,1.0000000000000104
9.81,-1.0,-0.3495400459259282,-0.9993929506863868,1.0000000000000102
9.82,-1.0,-0.35601223072799687,-0.9994507190019662,1.0000000000000102
9.83,-1.0,-0.362420016004511,-0.999502990137109,1.00000000000001
9.84,-1.0,-0.368764042790582,-0.999550286991267,1.0000000000000098
9.85,-1.0,-0.3750449455011567,-0.9995930828422097,1.0000000000000095
9.86,-1.0,-0.38126335223530344,-0.9996318062872349,1.0000000000000095
9.870000000000001,-1.0,-0.38741988483781686,-0.9996668445321664,1.0000000000000093
9.88,-1.0,-0.3935151589600438,-0.9996985485156412,1.000000000000009
9.89,-1.0,-0.39954978411994724,-0.9997272354592258,1.0000000000000089
9.9,-1.0,-0.405524363761386,-0.9997531927460923,1.0000000000000087
9.91,-1.0,-0.4114394953126268,-0.9997766802661733,1.0000000000000087
9.92,-1.0,-0.4172957702440822,-0.9997979321365382,1.0000000000000084
9.93,-1.0,-0.42309377414696653,-0.9998171609269091,1.0000000000000082
9.94,-1.0,-0.42883408688088204,-0.9998345594786957,1.000000000000008
9.950000000000001,-1.0,-0.4345172826051666,-0.9998503027157162,1.0000000000000078
9.96,-1.0,-0.44014392970611094,-0.9998645475694611,1.0000000000000078
9.97,-1.0,-0.4457145907783957,-0.9998774365193752,1.0000000000000075
9.98,-1.0,-0.45122982276546236,-0.9998891000005995,1.0000000000000073
9.99,-1.0,-0.4566901772643416,-0.9998996534965963,1.000000000000007
